0,0,0,0,0,0,0,0,0,0,0,0,0,0,0,0,0,0,0,0,0,0,0,0,0,0,0,0,0,0,0,0,0,0,0,0,0,0,0,0,0,0,0,0,0,0,0,0,0,0,0,0,0,0,0,0,0,0,0,0,0,0,0,0,0,0,0,0,0,0,0,0,0,0,0,0,0,0,0,0,0,0,0,0,0,0,0,0,0,0,0,0,0,0,0,0,0,0,0,0,0,0,0,0,0,0,0,0,0,0,0,0,0,0,0,0,0,0,0,0,,,,,,,,,,,,,,,,,,,,,,,,,,,,,,,,,,,,,,,,,,,,,,,,,,,,,,,,,,,,,,,,,,,,,,,,,,,,,,,,,,,,,,,,,,
0.257450701,0.253885535,0.250192964,0.246373084,0.242415021,0.238294485,0.233972225,0.229393039,0.224484714,0.219156385,0.213296172,0.206768766,0.199414466,0.191051987,0.181487567,0.170532477,0.158029684,0.143888362,0.128122476,0.110887341,0.092506435,0.073480466,0.054472049,0.036262659,0.019683381,0.005526716,-0.00554798,-0.013099453,-0.016963822,-0.017275781,-0.014446293,-0.009099925,-0.001982964,0.006140976,0.014589179,0.022834828,0.030546297,0.03758486,0.043962488,0.04976898,0.055084076,0.059894054,0.06403255,0.067161264,0.06879853,0.068393863,0.065436945,0.059581954,0.050764116,0.039285289,0.025849162,0.011533889,-0.002300039,-0.014157162,-0.02258872,-0.026379109,-0.024704725,-0.017237062,-0.004172906,0.013810556,0.035663163,0.060108524,0.085802583,0.111478747,0.136061198,0.158736962,0.178985867,0.196573947,0.211519645,0.224043288,-0.056065216,-0.061825091,-0.067405039,-0.072361536,-0.076249234,-0.078671508,-0.07933368,-0.078094207,-0.075009041,-0.070364759,-0.064696863,-0.058790704,-0.053663655,-0.050528391,-0.050738228,-0.055716392,-0.066871746,-0.085503902,-0.112700994,-0.149233998,-0.195452742,-0.251190795,-0.315689139,-0.387550934,-0.464740497,-0.544637444,-0.624150887,-0.699889217,-0.768370298,-0.826248135,-0.870528114,-0.898745563,-0.909090909,-0.900476385,-0.872550292,-0.825672033,-0.760862881,-0.679744198,-0.584468882,-0.477645901,-0.36225454,-0.241545446,-0.118929277,0.002141302,0.118286995,0.22630511,0.323254767,0.406524438,0.473888527,0.523563399,0.554272343,0.56532303,0.556691477,0.529096481,0.484041672,0.423801969,0.351338636,0.270140698,0.184006348,0.096791071,0.012155633,-0.066654595,-0.136975953,-0.19682712,-0.244944226,-0.280759074,-0.304333674,-0.316265222,-0.317574396,-0.309587423,0.084336385,0.08032757,0.077105695,0.074647669,0.072833685,0.071444609,0.070169856,0.068625928,0.066384554,0.063008461,0.058092131,0.051304669,0.04243201,0.031416015,0.018388404,0.00369776,-0.012072132,-0.028094642,-0.043306004,-0.056427754,-0.066009731,-0.070497092,-0.068322905,-0.058024234,-0.038374301,-0.008517355,0.031911913,0.082704285,0.143044132,0.211538821,0.286307638,0.365117247,0.445542657,0.525129759,0.60153828,0.672650994,0.736643713,0.792018418,0.837606998,0.872554915,0.896293229,0.908505129,0.909090909,0.898134304,0.875873578,0.842682037,0.799063623,0.745668415,0.683329542,0.613117105,0.536397546,0.454880486,0.370631994,0.286035721,0.203691993,0.126258532,0.056251405,-0.004163501,-0.053353703,-0.090347635,-0.114887791,-0.127406101,-0.128932358,-0.120956045,-0.105265425,-0.083785885,-0.058434222,-0.030999143,-0.00305235,0.024109752
0.142032282,0.142215994,0.142257329,0.142151509,0.141903369,0.14152779,0.141049079,0.14049918,0.139914751,0.139333277,0.138788566,0.138306043,0.137898291,0.137561166,0.137270701,0.136980813,0.136621727,0.13609905,0.135293592,0.134062345,0.132241402,0.129651856,0.126109752,0.121440792,0.115499736,0.108193279,0.099503948,0.089511415,0.078406974,0.066496992,0.054192132,0.04198096,0.030389112,0.019927953,0.011039225,0.004043794,-0.00089718,-0.003801783,-0.004863735,-0.004425696,-0.002933562,-0.000878974,0.00126103,0.003078313,0.00427442,0.00468286,0.004270779,0.003120825,0.001396581,-0.000702989,-0.002993212,-0.005350087,-0.007746303,-0.010271177,-0.013130931,-0.016628351,-0.021123631,-0.026980637,-0.034504737,-0.04387964,-0.05511133,-0.067987287,-0.082058507,-0.096650276,-0.110904719,-0.123853891,-0.134516822,-0.142008564,-0.145645301,-0.145028542,-0.064853864,-0.060741135,-0.057008867,-0.053747757,-0.051009628,-0.048796073,-0.047050291,-0.045653498,-0.04442712,-0.043141658,-0.04153256,-0.039322868,-0.036251626,-0.032106331,-0.026757031,-0.020189176,-0.012532127,-0.004080283,0.004695754,0.013149919,0.0204743,0.025725655,0.027863878,0.025800648,0.018455977,0.004820086,-0.015981972,-0.044625517,-0.08152397,-0.126772231,-0.180099671,-0.240837667,-0.307907306,-0.379832665,-0.454783445,-0.530647559,-0.605129847,-0.675868543,-0.740557586,-0.797061584,-0.843511691,-0.878374542,-0.900491543,-0.909090909,-0.903778497,-0.88451505,-0.851586989,-0.805575904,-0.747329321,-0.677933062,-0.59868408,-0.51106239,-0.416701355,-0.317356744,-0.214876068,-0.111170199,-0.008188838,0.09209995,0.187727949,0.276746738,0.357255058,0.42743976,0.485635343,0.530403883,0.56063227,0.575637715,0.575267043,0.5599719,0.530842288,0.489585491,0.040932876,0.04270498,0.044109199,0.045198349,0.046047251,0.046747006,0.047397008,0.048095041,0.048926054,0.049950436,0.051192816,0.05263259,0.0541974,0.055760673,0.057144061,0.058125154,0.058450319,0.057851972,0.056069128,0.052869826,0.04807395,0.041575123,0.033360667,0.023528872,0.012303078,4.20E-05,-0.012754504,-0.025445633,-0.037257637,-0.047301976,-0.054605737,-0.058155469,-0.056953746,-0.050085158,-0.036785654,-0.016506993,0.011032666,0.045819778,0.087542511,0.135613904,0.189216349,0.247359102,0.308938971,0.372795067,0.437751154,0.502642733,0.566329665,0.627697937,0.685655703,0.739128858,0.787060429,0.828416362,0.862198416,0.887463387,0.903347012,0.909090909,0.904071582,0.887831549,0.860113553,0.820899038,0.770451218,0.709360994,0.638590776,0.559507811,0.473895727,0.383932245,0.292123327,0.201189949,0.113912362,0.032946285
0.030620344,0.034001462,0.037325616,0.040615974,0.043897602,0.047193887,0.050522628,0.05389213,0.057297584,0.060717971,0.064113641,0.067424621,0.070569694,0.073446318,0.075931566,0.077884387,0.079149608,0.079564055,0.078965079,0.077201353,0.074145416,0.069706862,0.063844674,0.056576998,0.047986775,0.038222111,0.027491001,0.016050856,0.004194079,-0.00776855,-0.019524726,-0.030775926,-0.041249848,-0.050709294,-0.058957412,-0.065839771,-0.071244046,-0.075098235,-0.077368239,-0.078055418,-0.077194391,-0.074851024,-0.071120262,-0.066123324,-0.060003849,-0.052922852,-0.045052793,-0.036571511,-0.027657123,-0.018485023,-0.009227807,-5.83E-05,0.008845402,0.017293522,0.02508074,0.031985647,0.037776501,0.042224028,0.045121,0.046306812,0.045693836,0.043291369,0.039222589,0.033730377,0.027169147,0.019981779,0.012663193,0.005714509,-0.000406353,-0.00533076,0.037261749,0.041098826,0.044543719,0.047676031,0.050616813,0.053521489,0.056568002,0.059940425,0.06380875,0.068306012,0.073504354,0.079391941,0.085852797,0.092651581,0.099425043,0.105681395,0.110808199,0.114088678,0.114725691,0.111872163,0.104666503,0.092271563,0.073915921,0.048936558,0.016822185,-0.0227436,-0.069840592,-0.124273807,-0.185541893,-0.25281613,-0.324934401,-0.400414242,-0.477487847,-0.554159767,-0.628285375,-0.697665253,-0.760148216,-0.813734124,-0.856667325,-0.887512627,-0.905207962,-0.909090909,-0.89889952,-0.87475082,-0.837102565,-0.786704966,-0.72454915,-0.651818211,-0.56984506,-0.480079252,-0.384063002,-0.283414933,-0.179819014,-0.075015729,0.029207361,0.131027943,0.228605858,0.320105719,0.403726081,0.477735923,0.540519174,0.590627756,0.626842951,0.648243482,0.654276678,0.644826661,0.620271179,0.581517276,0.530006144,0.467679713,-0.163572516,-0.16794139,-0.172378087,-0.176760841,-0.180941665,-0.184758553,-0.188050729,-0.190675862,-0.192527826,-0.19355338,-0.193766062,-0.193255712,-0.192192304,-0.190823125,-0.189462805,-0.188476185,-0.188254432,-0.189185277,-0.191618596,-0.195828949,-0.201977028,-0.210072363,-0.219939986,-0.231194105,-0.243222079,-0.255182011,-0.266016915,-0.274487652,-0.279225427,-0.278802782,-0.271819788,-0.256999795,-0.233287149,-0.19993799,-0.156595073,-0.103338605,-0.040707334,0.030312698,0.108330777,0.191621099,0.27821218,0.365987344,0.452787144,0.536505379,0.615172083,0.687019075,0.750526028,0.804447133,0.847820163,0.879960886,0.900446375,0.909090909,0.905917945,0.891131248,0.865087838,0.828274983,0.781293113,0.724846083,0.659739647,0.586888126,0.507327981,0.422235399,0.332943258,0.240951281,0.147922411,0.055658845,-0.033946817,-0.118986237,-0.197631979,-0.268247269
-0.164124535,-0.163846278,-0.163401457,-0.162766186,-0.161931945,-0.160911739,-0.159745027,-0.158500902,-0.157279241,-0.156209717,-0.155448779,-0.155174745,-0.155581153,-0.156868396,-0.159233565,-0.162858398,-0.167895389,-0.174452437,-0.182576967,-0.192241059,-0.203329697,-0.2156346,-0.228856021,-0.242614392,-0.256472625,-0.269968377,-0.282653872,-0.294139199,-0.304133723,-0.312479736,-0.319172922,-0.324365683,-0.328351707,-0.331532934,-0.334372693,-0.337340871,-0.34085791,-0.345244375,-0.350681646,-0.357187554,-0.364608732,-0.372629557,-0.380796027,-0.388551846,-0.395283351,-0.400369571,-0.403233693,-0.403392195,-0.400498163,-0.394375518,-0.385041347,-0.372714094,-0.357806179,-0.340900652,-0.322712686,-0.304038077,-0.285692211,-0.268444213,-0.252951856,-0.239703404,-0.22897258,-0.22079229,-0.214951456,-0.21101716,-0.208381478,-0.206328946,-0.204117206,-0.201060705,-0.196606092,-0.190388751,0.237337437,0.238988504,0.240471006,0.242009763,0.243864659,0.246307635,0.249593945,0.253929474,0.259436494,0.266120613,0.273841815,0.282292365,0.290983957,0.299245962,0.306235862,0.310962258,0.312320058,0.309136785,0.300228397,0.284462505,0.260826482,0.228497503,0.186911015,0.13582356,0.075365178,0.00607621,-0.071076732,-0.154710053,-0.243060483,-0.334050448,-0.425378261,-0.514626454,-0.599378845,-0.677335477,-0.746414888,-0.804835214,-0.851168962,-0.884370201,-0.903776536,-0.909090909,-0.900349601,-0.877882851,-0.842273433,-0.79431694,-0.734985725,-0.665397003,-0.586784541,-0.50047295,-0.407853593,-0.310361498,-0.209453244,-0.106586344,-0.003201057,0.09929424,0.199533192,0.296196707,0.388013784,0.473759504,0.552252965,0.622358889,0.682997159,0.733164248,0.77196925,0.798684887,0.812810672,0.814141816,0.802834332,0.779454899,0.74500427,0.70090565,-0.070707621,-0.071874354,-0.072833504,-0.07346912,-0.073695317,-0.073473822,-0.072829642,-0.071863034,-0.070756087,-0.069772609,-0.069250465,-0.069586092,-0.071211505,-0.074564717,-0.080055023,-0.088025063,-0.098711938,-0.11220991,-0.128437351,-0.147110661,-0.167727824,-0.189564124,-0.211682232,-0.232958343,-0.252125123,-0.267830909,-0.278712837,-0.28347951,-0.280996828,-0.270369021,-0.251006348,-0.222671606,-0.185499671,-0.139987512,-0.086955938,-0.027487984,0.037148352,0.105583836,0.176429064,0.248345091,0.320098082,0.390595072,0.458900444,0.524234805,0.585959504,0.643550915,0.696568959,0.744624246,0.787347717,0.824365885,0.855283814,0.879676936,0.897091834,0.907055341,0.909090909,0.902741141,0.887595673,0.86332406,0.829713573,0.786711718,0.734472361,0.673402755,0.604206553,0.527915731,0.445902916,0.359865767,0.271777364,0.18380099,0.098173654,0.01706885
-0.030936325,-0.029886877,-0.028685154,-0.027290729,-0.02566834,-0.023793138,-0.021656043,-0.019268581,-0.016666598,-0.013912274,-0.011094136,-0.008325017,-0.005738272,-0.003482774,-0.001717275,-0.000604557,-0.000305428,-0.000972176,-0.002740711,-0.005720529,-0.009981918,-0.01554059,-0.022341054,-0.030241266,-0.039002145,-0.048286007,-0.057667563,-0.066659666,-0.074753622,-0.081470797,-0.086419244,-0.089346752,-0.090180878,-0.089047696,-0.086264027,-0.082302403,-0.077732818,-0.073149508,-0.069093534,-0.065982542,-0.064057772,-0.063355604,-0.063707315,-0.06476681,-0.066062368,-0.067065264,-0.067265864,-0.066246781,-0.063743062,-0.059681277,-0.054192454,-0.047597546,-0.040367885,-0.033066148,-0.026275467,-0.02052519,-0.016221773,-0.013592514,-0.01264868,-0.013172961,-0.014734083,-0.016728639,-0.018446716,-0.019154083,-0.018180316,-0.015000183,-0.009295826,-0.000990098,0.009753587,0.022563419,0.229875678,0.232934834,0.235407993,0.237368019,0.238955076,0.240368954,0.241853234,0.243671633,0.24607777,0.249280362,0.253406559,0.258466452,0.264321916,0.270662724,0.276992427,0.282625887,0.286699689,0.28819593,0.285979181,0.278845774,0.265583936,0.245042726,0.216207216,0.178276789,0.130742698,0.073460142,0.006709075,-0.068763014,-0.151723407,-0.24046787,-0.332869668,-0.42646383,-0.518561541,-0.606384528,-0.687205775,-0.758481854,-0.817964193,-0.863781118,-0.894488322,-0.909090909,-0.907043925,-0.888239625,-0.852988659,-0.801999572,-0.736357648,-0.657501278,-0.56719247,-0.46747826,-0.360641365,-0.249140848,-0.135545932,-0.022467655,0.087506748,0.191873116,0.288261927,0.374483486,0.448570316,0.5088215,0.553853277,0.582658042,0.594670218,0.589832919,0.568654924,0.532244599,0.48230721,0.421095325,0.351308585,0.275947656,0.198135688,0.120926773,-0.167498974,-0.170557204,-0.173207126,-0.175339943,-0.176872299,-0.177759684,-0.178007909,-0.177681203,-0.176905702,-0.175867494,-0.174805033,-0.173996299,-0.173741713,-0.174344091,-0.176087053,-0.179213086,-0.183902048,-0.190250554,-0.198252327,-0.207779654,-0.218566382,-0.23019359,-0.242079909,-0.253479282,-0.263489494,-0.271074702,-0.27510429,-0.274408497,-0.267848648,-0.254396657,-0.233215737,-0.203732428,-0.165690204,-0.119177086,-0.064623857,-0.002774525,0.065364511,0.138586876,0.215549656,0.294828834,0.374961167,0.454471169,0.531885858,0.605742661,0.674596896,0.737034564,0.791694033,0.837297432,0.872689751,0.89688162,0.909090909,0.908778744,0.895677089,0.869807042,0.831488908,0.781346258,0.720306191,0.649596828,0.570740879,0.485541592,0.396055197,0.304543143,0.213398709,0.125046211,0.041816725,-0.034189277,-0.10123657,-0.158068658,-0.203983102,-0.238857113
0.297731619,0.298912493,0.300003739,0.300978652,0.3018163,0.302504838,0.30304418,0.303447768,0.303743265,0.30397207,0.304187575,0.304452069,0.304832206,0.30539297,0.30619029,0.30726273,0.30862312,0.310251382,0.312090069,0.314044067,0.315985459,0.317763689,0.319220099,0.320204916,0.320594156,0.320303936,0.319300498,0.317605656,0.315298934,0.312518948,0.309466854,0.306413767,0.303711793,0.301805361,0.301236621,0.302636963,0.306697155,0.314111743,0.325499068,0.341305401,0.361708458,0.386539621,0.415243757,0.446889917,0.480236569,0.513843921,0.546216488,0.575953806,0.601887183,0.623184706,0.639413758,0.650557801,0.656990607,0.659415613,0.658780536,0.656178086,0.652743156,0.649555608,0.647556211,0.647481515,0.649821601,0.654802683,0.662394396,0.672339415,0.68420091,0.697421701,0.711388038,0.72549095,0.739179109,0.751998868,0.412852725,0.402903005,0.393037725,0.38330098,0.373708486,0.364243078,0.354852957,0.345453124,0.335930185,0.326150465,0.315971078,0.305253313,0.293877434,0.281757705,0.268856194,0.255193769,0.240856605,0.225996698,0.21082527,0.195598577,0.180596516,0.166095338,0.152336634,0.139495367,0.127649937,0.116757063,0.106633717,0.096947545,0.087216439,0.076817264,0.065003471,0.050931407,0.033695523,0.012373087,-0.013920931,-0.045968875,-0.084377177,-0.129499585,-0.181364744,-0.239618681,-0.303493466,-0.371811266,-0.443027945,-0.515313464,-0.586659436,-0.654999487,-0.718326995,-0.774797428,-0.822807631,-0.861050176,-0.88854542,-0.904656289,-0.909090909,-0.901896786,-0.883448245,-0.85442706,-0.815795187,-0.768758306,-0.714719425,-0.655222813,-0.591889926,-0.526350299,-0.460171632,-0.394793909,-0.331472465,-0.271234107,-0.214849083,-0.162819986,-0.115387031,-0.072547786,0.877572022,0.879803825,0.882549503,0.885788488,0.889438313,0.893354238,0.897334678,0.901132773,0.90447389,0.907078238,0.908687139,0.909090909,0.908155783,0.90584704,0.902245411,0.897554132,0.892094625,0.88628969,0.880634292,0.875655259,0.871862446,0.869694906,0.869466275,0.871313941,0.875156544,0.880664159,0.887245026,0.894052027,0.900011096,0.903872321,0.904282788,0.899878153,0.889387868,0.871747021,0.846205969,0.812427452,0.770559862,0.721275187,0.66576167,0.605665104,0.542979153,0.479893489,0.418616969,0.361198973,0.309373347,0.264445165,0.227231954,0.198060517,0.176811214,0.162995587,0.15585145,0.154441342,0.157744009,0.164732799,0.174438317,0.185994941,0.198671956,0.211890488,0.225227628,0.238409383,0.25129452,0.263851834,0.276133695,0.28824871,0.30033599,0.312542754,0.325006237,0.337840059,0.351124756,0.36490197
0.346377212,0.344965007,0.343214839,0.341113687,0.338665194,0.335890745,0.332829345,0.329536269,0.326080514,0.322541086,0.319002109,0.315546752,0.312250042,0.309170862,0.306343786,0.303771812,0.301421366,0.299221022,0.297065085,0.294822447,0.292350127,0.289509839,0.286185184,0.282296899,0.277814213,0.272761689,0.267222584,0.261341197,0.255327293,0.249464978,0.244126336,0.239787011,0.237037685,0.236583048,0.239219573,0.24578584,0.257084285,0.273780285,0.296291769,0.3246879,0.358617066,0.397281251,0.439466296,0.48362731,0.528018184,0.570846376,0.610430721,0.645341207,0.674504785,0.697268495,0.713418655,0.723161075,0.727071176,0.726024396,0.721116556,0.713581816,0.704713201,0.695788436,0.688002293,0.682406291,0.679856982,0.680974941,0.686117312,0.695366883,0.708539943,0.725213517,0.744770424,0.766458222,0.789456245,0.812943782,0.0165894,0.018733891,0.021519582,0.024895909,0.028754614,0.032932874,0.037222858,0.041387547,0.045181993,0.048378583,0.050794292,0.052317436,0.052931108,0.052730357,0.051930305,0.050862867,0.049960545,0.049726923,0.050694891,0.053375102,0.05819857,0.065458294,0.075255353,0.087454742,0.101655522,0.117178576,0.133073748,0.148146594,0.161003597,0.170113851,0.173884708,0.170748772,0.159259416,0.138191405,0.106641851,0.064124694,0.010649691,-0.0532246,-0.126374022,-0.207135523,-0.293379219,-0.382620647,-0.472161141,-0.559239536,-0.641177051,-0.715499794,-0.780028685,-0.832933385,-0.872752969,-0.898390529,-0.909090909,-0.904410706,-0.884188026,-0.848517199,-0.797731163,-0.732392063,-0.653288793,-0.561438764,-0.458090186,-0.344720545,-0.223026929,-0.094904462,0.037589639,0.172287062,0.306973027,0.439461074,0.56767292,0.689717293,0.803961605,0.909090909,0.76690536,0.767291195,0.768345813,0.769993292,0.772078376,0.774373415,0.776593567,0.778419841,0.779528632,0.779625592,0.778480834,0.775961967,0.772061168,0.76691267,0.760797558,0.75413376,0.747450332,0.741346636,0.736438444,0.733294412,0.732367472,0.733926543,0.737994467,0.744298283,0.752237764,0.760877546,0.768967004,0.774990247,0.777246148,0.773955484,0.763389158,0.744008639,0.71460733,0.674440013,0.623326826,0.561718906,0.490715026,0.412022699,0.327863195,0.240827212,0.15369516,0.069241626,-0.009954149,-0.081671624,-0.144171305,-0.196268626,-0.237359353,-0.267402276,-0.286868038,-0.296663564,-0.298040381,-0.292493413,-0.28165545,-0.267191876,-0.250700351,-0.233620556,-0.217159331,-0.202236208,-0.189453218,-0.179091089,-0.171131576,-0.165303174,-0.161145047,-0.158082067,-0.155502767,-0.152831872,-0.149590067,-0.145435567,-0.1401847,-0.133811489
0.013494454,0.009523014,0.005382026,0.001041419,-0.003509695,-0.008260587,-0.013178237,-0.018208638,-0.023280254,-0.02830967,-0.033209359,-0.037897243,-0.042307407,-0.046400937,-0.050175475,-0.05367186,-0.056976264,-0.060216628,-0.063552991,-0.067162241,-0.07121888,-0.075874057,-0.081235356,-0.087349413,-0.094188438,-0.101640542,-0.109502704,-0.117474811,-0.125153781,-0.132028267,-0.137476692,-0.140773527,-0.141110066,-0.137635553,-0.129521896,-0.116050345,-0.09671235,-0.071310719,-0.040043246,-0.003550708,0.037084562,0.080395173,0.124635791,0.167927178,0.208417323,0.244438321,0.274640378,0.298090107,0.314326993,0.323378007,0.325734572,0.322298183,0.31430137,0.303210113,0.290613215,0.278104246,0.267162728,0.259042989,0.254680718,0.25462763,0.259022937,0.267606263,0.279770892,0.294650058,0.311224055,0.328433395,0.345283568,0.360929796,0.37473459,0.386295689,-0.258451288,-0.254598747,-0.250254105,-0.245497945,-0.240448713,-0.235256189,-0.230090938,-0.225130267,-0.220541569,-0.216464331,-0.212992399,-0.210158318,-0.207921645,-0.206163083,-0.204685967,-0.203226117,-0.201470363,-0.199083145,-0.195739705,-0.191163551,-0.185165265,-0.177679438,-0.168796496,-0.15878656,-0.148112989,-0.137433965,-0.127591137,-0.119584949,-0.114536698,-0.113637693,-0.118086161,-0.129013087,-0.14739914,-0.173986511,-0.209191676,-0.253027479,-0.305044537,-0.36430202,-0.429375552,-0.498405283,-0.569180954,-0.639254635,-0.70606739,-0.767074822,-0.819858513,-0.862214914,-0.892218976,-0.908265007,-0.909090909,-0.893793595,-0.861843021,-0.813100349,-0.747842604,-0.666792298,-0.571146321,-0.46259472,-0.34331775,-0.215949815,-0.08350228,0.050756623,0.183458478,0.311313971,0.431295453,0.540802275,0.637791356,0.720861716,0.789289099,0.843013503,0.882586948,0.909090909,0.651900721,0.655890125,0.65999751,0.66409096,0.667998357,0.671519911,0.674445488,0.676575605,0.677744423,0.677842569,0.676837323,0.674787559,0.671851032,0.668282077,0.664418524,0.660657696,0.657422425,0.655119222,0.654091663,0.654572782,0.656640654,0.660181388,0.664863518,0.670127319,0.675191866,0.67908174,0.680674075,0.678765167,0.672154097,0.659738949,0.640619234,0.614196279,0.580261741,0.539063329,0.491336745,0.438294323,0.381564485,0.32308203,0.264936866,0.209196664,0.15772499,0.112018821,0.073087075,0.041385118,0.01681104,-0.001239933,-0.013774037,-0.022066159,-0.027512406,-0.031483741,-0.035193954,-0.039592468,-0.045289946,-0.052522215,-0.061155336,-0.070731404,-0.080550388,-0.089778635,-0.097570114,-0.103183581,-0.106078618,-0.105976772,-0.102880273,-0.097048788,-0.088942306,-0.079143683,-0.068276345,-0.056931152,-0.045612159,-0.034705527
-0.506120736,-0.509092394,-0.512042927,-0.514906928,-0.517607276,-0.520062071,-0.522193296,-0.523936694,-0.525252082,-0.526132948,-0.526613953,-0.526774866,-0.526739649,-0.526669946,-0.526752967,-0.527184678,-0.528150007,-0.529802211,-0.532243593,-0.535509204,-0.539554291,-0.544245327,-0.549353705,-0.554551147,-0.559406543,-0.563385285,-0.565853888,-0.566094083,-0.563331047,-0.556779404,-0.54570785,-0.529518958,-0.507835827,-0.480582891,-0.448046109,-0.410898761,-0.370183753,-0.327250669,-0.283654005,-0.241026007,-0.200941283,-0.164790371,-0.133675917,-0.108339731,-0.089123261,-0.075959566,-0.068392445,-0.065617984,-0.066544727,-0.069870063,-0.074170984,-0.078006594,-0.08002735,-0.079082802,-0.074316643,-0.065236706,-0.051749139,-0.034150478,-0.013077811,0.01057584,0.03576836,0.061422209,0.086529832,0.11023871,0.131908517,0.151137939,0.167763161,0.181833363,0.193570334,0.2033197,-0.144167931,-0.138165117,-0.132344537,-0.126875408,-0.121918649,-0.117608202,-0.114032509,-0.11121795,-0.109116224,-0.107597614,-0.106451917,-0.105398313,-0.104104678,-0.102215803,-0.09938882,-0.095333026,-0.089850477,-0.082873374,-0.074494482,-0.064987577,-0.05481612,-0.044629626,-0.03524841,-0.027638104,-0.022875468,-0.022106517,-0.026497102,-0.037175235,-0.055164232,-0.081306702,-0.116181654,-0.160020387,-0.212630382,-0.27333893,-0.340968368,-0.413851841,-0.489892532,-0.566661857,-0.641525002,-0.71177772,-0.774777586,-0.828056114,-0.86940404,-0.896929011,-0.909090909,-0.904723922,-0.883055477,-0.843730296,-0.786843541,-0.712981217,-0.623259833,-0.519352386,-0.40348549,-0.278394206,-0.147226921,-0.013401622,0.119575184,0.2483076,0.36970414,0.481143975,0.580598952,0.666702833,0.738767528,0.796752538,0.841197602,0.873129515,0.893953282,0.905336089,0.909090909,0.907065328,0.193153218,0.195830488,0.197895935,0.19915684,0.199472372,0.198773985,0.197081076,0.194509471,0.1912707,0.187660747,0.184038011,0.180791361,0.178300428,0.176891213,0.176790788,0.178085057,0.18068332,0.184292936,0.188406691,0.19230495,0.19507403,0.195641748,0.192830303,0.185425744,0.172261864,0.15231473,0.124802069,0.089279714,0.045725342,-0.0054017,-0.063135999,-0.126027181,-0.192212598,-0.259541097,-0.325738913,-0.388600098,-0.446177439,-0.496947687,-0.539928107,-0.574729362,-0.601540394,-0.621051586,-0.634330628,-0.642669895,-0.647424865,-0.64986112,-0.651024245,-0.65164343,-0.652076338,-0.65229958,-0.651945426,-0.650380858,-0.646819699,-0.640453329,-0.630581609,-0.616724682,-0.598699069,-0.576647838,-0.551023119,-0.522527883,-0.492030399,-0.460467852,-0.428754891,-0.397709118,-0.368000188,-0.340123777,-0.314397313,-0.290971821,-0.269853468,-0.250929199
0.47177931,0.470959712,0.470052083,0.46902876,0.467866172,0.466547435,0.46506452,0.463419846,0.461627213,0.459711911,0.457709817,0.455665208,0.453627042,0.451643585,0.449755592,0.447988668,0.446345892,0.44480212,0.443301426,0.441758765,0.440066221,0.43810326,0.435749439,0.432897537,0.429465081,0.425403022,0.420701577,0.415394666,0.409565371,0.403354913,0.396976513,0.390733284,0.385036448,0.380417613,0.37752739,0.377113202,0.379971923,0.386877872,0.398492645,0.415268967,0.437364493,0.464581919,0.49634832,0.531739841,0.569549317,0.608386376,0.646794053,0.683364325,0.716837197,0.746173231,0.770595856,0.789605938,0.802975387,0.810728503,0.813119197,0.810609693,0.803852703,0.793675237,0.781059211,0.767112445,0.753024214,0.740002172,0.729191955,0.721586226,0.717934771,0.718670224,0.723863592,0.733219796,0.746116568,0.761681985,-0.190344946,-0.188532824,-0.186135919,-0.183190893,-0.179785059,-0.176053327,-0.172169523,-0.168332342,-0.164746787,-0.161602435,-0.159050291,-0.157180281,-0.156001614,-0.155428287,-0.155271888,-0.155243602,-0.154966737,-0.154000342,-0.151873331,-0.148127276,-0.142364641,-0.13429808,-0.123795685,-0.110917014,-0.095935423,-0.0793437,-0.061842021,-0.044309479,-0.027762439,-0.013304302,-0.002071611,0.004819293,0.00632239,0.00150799,-0.010394822,-0.02995834,-0.057518774,-0.093142724,-0.136601196,-0.18735618,-0.244564734,-0.30710358,-0.373613705,-0.442560326,-0.512300149,-0.581146196,-0.647421186,-0.709493274,-0.765792036,-0.814806831,-0.855073129,-0.885154617,-0.90362972,-0.909090909,-0.900164068,-0.875553358,-0.834114415,-0.774955125,-0.697558538,-0.601916898,-0.488660056,-0.359157031,-0.215567899,-0.06082607,0.101460875,0.267191148,0.432014467,0.591615762,0.742001634,0.879754278,0.901325119,0.901376416,0.901946079,0.902987774,0.904385403,0.905955097,0.90745463,0.908600345,0.909090909,0.908636339,0.906989946,0.903980178,0.89953889,0.893722507,0.886722852,0.878865134,0.870591669,0.862431256,0.85495553,0.848724968,0.844228345,0.841820213,0.841661471,0.843668275,0.847474433,0.852412149,0.857515244,0.861547867,0.863059917,0.860468179,0.852159532,0.836610048,0.812511539,0.778895507,0.735243504,0.681572664,0.61848575,0.547176711,0.469385861,0.387303643,0.303428144,0.220388335,0.140750699,0.066830185,0.00052601,-0.056801035,-0.104399528,-0.142143572,-0.170497477,-0.190436698,-0.20333498,-0.21082817,-0.214664689,-0.216552075,-0.218008746,-0.22023031,-0.223980341,-0.229515876,-0.236557607,-0.244312958,-0.251556424,-0.25676534,-0.258301094,-0.254616901,-0.244465791,-0.227078871,-0.202286018,-0.170559534,-0.132974311,-0.091092727
-0.43076374,-0.439501253,-0.448287738,-0.457117064,-0.46598279,-0.474878763,-0.483800005,-0.492743993,-0.50171245,-0.510713609,-0.51976471,-0.528894211,-0.538142981,-0.547563661,-0.557217546,-0.567168772,-0.577476226,-0.588184233,-0.599313589,-0.610854528,-0.622762791,-0.634959,-0.647330338,-0.659732488,-0.671989258,-0.683887791,-0.695168666,-0.705512471,-0.714526909,-0.721740412,-0.726608921,-0.728541235,-0.726945269,-0.721292965,-0.711196603,-0.6964851,-0.677266732,-0.653965494,-0.627321993,-0.598355588,-0.568291205,-0.538460145,-0.510188138,-0.484685139,-0.462949988,-0.445699734,-0.433329032,-0.425900531,-0.423163285,-0.424593311,-0.429448743,-0.436831389,-0.445746981,-0.455157694,-0.464022685,-0.47132522,-0.476088156,-0.477382707,-0.474337802,-0.46615817,-0.452157934,-0.43181272,-0.404827554,-0.371211253,-0.331342532,-0.286010447,-0.236413527,-0.184108198,-0.130906666,-0.078734747,-0.904326597,-0.906394233,-0.908089913,-0.909090909,-0.909083467,-0.907796057,-0.90503361,-0.900709319,-0.894870306,-0.887713586,-0.87958922,-0.870988414,-0.862515482,-0.854844035,-0.848659246,-0.84458961,-0.84313292,-0.844582292,-0.848958712,-0.855956803,-0.864910138,-0.874781521,-0.884182086,-0.891421014,-0.894585154,-0.891645131,-0.880581951,-0.859525902,-0.826897907,-0.781542566,-0.722841895,-0.650799262,-0.566084373,-0.470032464,-0.364594324,-0.252238287,-0.135810447,-0.018364327,0.097025016,0.207445738,0.310316814,0.403525424,0.485525375,0.555392492,0.612837141,0.658177114,0.692276143,0.716454405,0.732377957,0.741934322,0.747101589,0.749818317,0.751861183,0.754736719,0.759592636,0.767153322,0.777683201,0.79098081,0.806405527,0.822937654,0.839270674,0.85393168,0.86542232,0.872368506,0.873663589,0.868587957,0.856889126,0.838810832,0.815066859,0.786763811,0.278515954,0.279885893,0.281793815,0.284324932,0.287560426,0.291569567,0.296401289,0.302075896,0.308577722,0.315849679,0.323790603,0.332256216,0.341064204,0.350003508,0.358847362,0.367369088,0.375359186,0.382641995,0.389090241,0.394636042,0.399277526,0.403080792,0.406177573,0.408759329,0.411068631,0.41338852,0.416030168,0.419318796,0.423577554,0.429109225,0.436176114,0.444979395,0.455640231,0.468185839,0.482544015,0.498549101,0.515960922,0.534495954,0.553867383,0.573828285,0.594210624,0.614952419,0.63610651,0.657826688,0.680330137,0.703838636,0.72850428,0.754328072,0.781081296,0.80823998,0.834941872,0.85997352,0.881792379,0.898585743,0.908365044,0.909090909,0.898821451,0.875873795,0.838986633,0.787469846,0.721326002,0.641328354,0.549041509,0.446775065,0.337467492,0.224506846,0.111504943,0.00204982,-0.10053467,-0.193394941
-0.617684031,-0.627501296,-0.637384408,-0.647419274,-0.657693795,-0.668286849,-0.679257998,-0.690639258,-0.702429353,-0.71458971,-0.727040375,-0.739653573,-0.752243138,-0.764549579,-0.776222907,-0.786807937,-0.795738717,-0.80234931,-0.805906655,-0.805667691,-0.800957716,-0.791261275,-0.776312069,-0.756166035,-0.731242694,-0.702324391,-0.670510055,-0.637128178,-0.603620714,-0.571414132,-0.541795075,-0.515806031,-0.494172068,-0.477264024,-0.46509787,-0.457365179,-0.453486312,-0.45267638,-0.454014208,-0.456506205,-0.459139767,-0.460924165,-0.460920117,-0.458261903,-0.452177371,-0.442011156,-0.427254733,-0.407583851,-0.382899947,-0.353368452,-0.319444431,-0.281875856,-0.241677358,-0.200072177,-0.15840613,-0.118043133,-0.080255702,-0.046124854,-0.016462076,0.008238037,0.027810993,0.042403066,0.052425142,0.058488162,0.061329597,0.061739946,0.060496612,0.058310235,0.05578607,0.053400804,-0.849300332,-0.845929359,-0.844594295,-0.845721462,-0.84954196,-0.856029313,-0.864850233,-0.87533433,-0.886467535,-0.896912501,-0.905057224,-0.909090909,-0.907103688,-0.897204647,-0.877650833,-0.846978605,-0.804127861,-0.748549257,-0.680284465,-0.600010143,-0.509037847,-0.409265198,-0.303078221,-0.193210623,-0.08257174,0.025940257,0.129621057,0.226120766,0.313568134,0.390650029,0.456643976,0.511407008,0.555327737,0.589250353,0.614379415,0.632173468,0.644234352,0.65219788,0.657630716,0.661937685,0.666283424,0.671531986,0.678207774,0.686480698,0.696177684,0.706821363,0.717694814,0.727928632,0.736603463,0.742858156,0.745991413,0.745544308,0.741352736,0.733562859,0.722608265,0.709153587,0.694014371,0.678065927,0.662154209,0.647019801,0.633242565,0.621210339,0.611111311,0.602946716,0.596558756,0.591668017,0.587914909,0.58490065,0.582224446,0.579514771,0.525635076,0.531720679,0.537802773,0.543802417,0.549648265,0.555281684,0.560659329,0.565752886,0.570546439,0.575032684,0.579209621,0.583079435,0.586650719,0.589944234,0.593001225,0.595892243,0.598723837,0.601640604,0.604820989,0.6084667,0.612787365,0.617983443,0.624231154,0.631672833,0.640414709,0.650532006,0.66207894,0.675099366,0.689633033,0.705712876,0.723350461,0.742509201,0.763067726,0.784778267,0.807226585,0.829800548,0.851673965,0.871810704,0.888991989,0.90186727,0.909026671,0.909090909,0.900812857,0.883183524,0.855534107,0.817624851,0.769710997,0.71257637,0.647526844,0.576339262,0.501166519,0.424405688,0.348542085,0.275986369,0.20892292,0.149185379,0.09816992,0.056790231,0.025471922,0.004179737,-0.007530941,-0.010446529,-0.005618292,0.005719158,0.022230388,0.042559667,0.065406266,0.089590985,0.114110145,0.138173752
-0.588753282,-0.598866252,-0.609066001,-0.619402827,-0.629936515,-0.640728163,-0.651830603,-0.66327862,-0.675080168,-0.68720945,-0.69960209,-0.712151962,-0.72470863,-0.737074271,-0.748999358,-0.760177401,-0.770240446,-0.778758348,-0.785245654,-0.789179732,-0.790032364,-0.787314438,-0.780630122,-0.769733688,-0.754580009,-0.735359248,-0.712507993,-0.686692645,-0.658765613,-0.629699652,-0.600509319,-0.572170348,-0.545547371,-0.521338245,-0.500039906,-0.481936992,-0.467111254,-0.455467423,-0.446769963,-0.440684944,-0.43682173,-0.434770066,-0.434129106,-0.434525785,-0.43562087,-0.437102102,-0.438665398,-0.439987045,-0.440692145,-0.440326602,-0.438341157,-0.434095542,-0.42688838,-0.416013987,-0.400841392,-0.380904853,-0.355990576,-0.326202711,-0.291993936,-0.254151832,-0.213740631,-0.172006475,-0.130261074,-0.089761824,-0.051605707,-0.016650238,0.014531296,0.041659379,0.064727029,0.083955747,-0.883248775,-0.878013677,-0.873767762,-0.870962606,-0.869976379,-0.871055739,-0.874260246,-0.879414649,-0.886074224,-0.893507723,-0.900701479,-0.906386779,-0.909090909,-0.907210391,-0.899102948,-0.88319292,-0.858083226,-0.822665766,-0.776221453,-0.718500893,-0.64977732,-0.570864846,-0.483097549,-0.388268368,-0.288531033,-0.186272616,-0.083968067,0.015969654,0.111329996,0.200223797,0.28117231,0.353161942,0.415664328,0.468624426,0.512421137,0.547805805,0.575824167,0.597727352,0.614877604,0.628654564,0.640367898,0.651181596,0.662054196,0.673697551,0.686554756,0.70079597,0.71632951,0.732825039,0.749746112,0.766390445,0.781937642,0.795505012,0.806211984,0.81325214,0.815969176,0.813929918,0.806984892,0.795306106,0.779393317,0.760044298,0.738290451,0.715305218,0.692297461,0.670404218,0.650596606,0.633609596,0.619901847,0.609646911,0.602752772,0.598903564,0.494404247,0.502182531,0.510246468,0.518540874,0.526958071,0.53534268,0.543501278,0.551216257,0.558262825,0.564427908,0.569529588,0.573435802,0.57608102,0.577479709,0.577735364,0.577043857,0.575689886,0.574035522,0.572500338,0.571533511,0.571579505,0.573040373,0.576239008,0.581388477,0.588572524,0.597741199,0.608723445,0.621255739,0.635022953,0.649705346,0.665024218,0.680778804,0.696868175,0.71329409,0.730143478,0.747551976,0.765652444,0.784514188,0.804079731,0.824106208,0.844118067,0.863376758,0.880871813,0.895336156,0.905286862,0.909090909,0.905053701,0.891526466,0.867026902,0.830365772,0.780770438,0.717994729,0.642403297,0.555018285,0.457517543,0.352177368,0.241758956,0.129345739,0.018146845,-0.088711994,-0.188386529,-0.278479823,-0.357160803,-0.423228822,-0.476125602,-0.515901953,-0.543149774,-0.558910229,-0.564567658,-0.561736889
-0.116826635,-0.121941274,-0.127257984,-0.13275109,-0.138397638,-0.144181344,-0.150096165,-0.156148729,-0.162359003,-0.168758831,-0.175388417,-0.18229134,-0.189509006,-0.197075596,-0.205014251,-0.213334694,-0.22203163,-0.231082577,-0.240443395,-0.25004006,-0.259756223,-0.269417684,-0.278776792,-0.2875013,-0.295172987,-0.301300726,-0.305350711,-0.306793232,-0.305161548,-0.300114777,-0.291494535,-0.279364893,-0.264027542,-0.246008274,-0.226016111,-0.204881243,-0.183481242,-0.162666227,-0.143192691,-0.125673159,-0.110545578,-0.098063043,-0.088301807,-0.081183728,-0.076508359,-0.073989699,-0.073292827,-0.074066163,-0.075965803,-0.078669278,-0.081877355,-0.085304283,-0.088659011,-0.091622214,-0.093825843,-0.094842768,-0.094193274,-0.09137249,-0.085898444,-0.077375127,-0.065560112,-0.050423185,-0.032182565,-0.011308704,0.011507958,0.035421504,0.059516848,0.082903336,0.104800545,0.124603829,-0.843104977,-0.843653331,-0.843175346,-0.841813794,-0.839822248,-0.837556024,-0.835451277,-0.833992545,-0.833670156,-0.834930072,-0.838119726,-0.843434192,-0.850867419,-0.860173309,-0.870841048,-0.882088364,-0.892875235,-0.901939123,-0.907851163,-0.909090909,-0.904135642,-0.891558805,-0.870131154,-0.838917592,-0.797362352,-0.745355243,-0.683272036,-0.611983122,-0.532826503,-0.447544302,-0.358185948,-0.266985608,-0.176225074,-0.088095436,-0.004570675,0.072696003,0.142446092,0.203857161,0.256552533,0.300582573,0.336382201,0.36470972,0.38657212,0.403142178,0.415672825,0.425414337,0.433539599,0.441081803,0.448887454,0.45758579,0.467573961,0.479016054,0.491853597,0.505825501,0.520496376,0.535293185,0.549550815,0.562566717,0.573663218,0.582253602,0.58790533,0.590391895,0.589724624,0.586157836,0.580164791,0.572386998,0.563564173,0.554455385,0.545762824,0.538068308,0.461989893,0.467727476,0.473525329,0.47939592,0.48534551,0.491371945,0.497462618,0.503593201,0.509727682,0.515820101,0.521817968,0.527667001,0.533316399,0.538723738,0.543858632,0.54870469,0.553259861,0.557535847,0.561557644,0.565364297,0.569011493,0.572575749,0.576158939,0.579891053,0.583928726,0.588447569,0.593627566,0.599632739,0.606588218,0.614559496,0.623539068,0.633444887,0.644132828,0.655422396,0.667131715,0.679115428,0.691297931,0.703694813,0.716417112,0.729655866,0.743647616,0.758624549,0.774755307,0.792083852,0.810473999,0.829566558,0.84875453,0.867180021,0.88375456,0.897202668,0.906126874,0.909090909,0.904716597,0.891788842,0.869362059,0.8368603,0.794162226,0.741661299,0.680291624,0.611511574,0.537241058,0.459754082,0.381535103,0.305113887,0.232897433,0.167017682,0.109210286,0.060733596,0.02233036,-0.005771033
-0.428652247,-0.435506569,-0.442528245,-0.449706406,-0.457026024,-0.464470376,-0.472024166,-0.479676896,-0.487425826,-0.495277844,-0.503249619,-0.511365714,-0.519654752,-0.528144187,-0.53685457,-0.545794271,-0.55495536,-0.564310723,-0.57381175,-0.583385251,-0.592927996,-0.602297683,-0.611300289,-0.619675521,-0.627083998,-0.633101348,-0.637224861,-0.63889733,-0.637549986,-0.63266243,-0.623832905,-0.610848435,-0.59374246,-0.572828388,-0.548701142,-0.522204407,-0.494367432,-0.466320428,-0.439200561,-0.414061024,-0.391793792,-0.373073398,-0.358325248,-0.347718321,-0.341179273,-0.338423033,-0.338994106,-0.342312774,-0.347720969,-0.354523468,-0.362021038,-0.36953319,-0.376409446,-0.382029615,-0.385795689,-0.387120217,-0.385418018,-0.380108871,-0.370637705,-0.35651547,-0.337378535,-0.313058348,-0.283647884,-0.249548945,-0.211485993,-0.170477905,-0.127767546,-0.08471803,-0.042691398,-0.002928483,-0.909090909,-0.905217769,-0.900300805,-0.894278505,-0.887181047,-0.879140981,-0.870394363,-0.861270715,-0.852171183,-0.843535402,-0.835798776,-0.829342992,-0.824443386,-0.821217379,-0.819578385,-0.819199558,-0.819491442,-0.819597052,-0.818407049,-0.814596559,-0.806683679,-0.793108013,-0.772325804,-0.74291654,-0.703694406,-0.653816703,-0.592880233,-0.520995981,-0.43883237,-0.347618628,-0.249102821,-0.145463998,-0.039184092,0.067108633,0.170808242,0.269494025,0.361071607,0.443880842,0.516764887,0.579100255,0.630791336,0.672234699,0.704258639,0.728043076,0.745024645,0.75679213,0.764978183,0.771153958,0.77673339,0.782893011,0.790511449,0.800130542,0.811937904,0.825769427,0.841129906,0.857230668,0.87304427,0.887377167,0.898960886,0.906559965,0.909090909,0.905741378,0.896074477,0.880101245,0.858306603,0.831620426,0.801334748,0.768977857,0.736163681,0.70443825,0.136510342,0.134225933,0.13234248,0.130941936,0.130088659,0.129818755,0.130129885,0.130972883,0.132246712,0.133798074,0.135426601,0.136895708,0.137948315,0.138325717,0.137787304,0.136128708,0.133196408,0.128897784,0.123206764,0.116166337,0.107889777,0.098562272,0.088443673,0.077871469,0.067261361,0.057101513,0.047936407,0.040337513,0.034860728,0.031994263,0.032104376,0.035388875,0.041848725,0.051285708,0.063329418,0.077490855,0.093234152,0.110053977,0.127544771,0.145449524,0.163679517,0.182301578,0.201494747,0.221482791,0.242452228,0.264466899,0.287389925,0.310822319,0.334065303,0.356110889,0.375663045,0.39118972,0.401004143,0.403371969,0.39663877,0.37937022,0.350494884,0.309437238,0.256226564,0.191566534,0.116851474,0.034119456,-0.054060172,-0.144757226,-0.234891136,-0.321455521,-0.401728225,-0.473441546,-0.53489613,-0.58501322
-0.228363694,-0.236767965,-0.245006577,-0.253127856,-0.26119524,-0.269297409,-0.27756545,-0.28619219,-0.295445357,-0.3056645,-0.317233031,-0.330521577,-0.345806591,-0.363176997,-0.382449195,-0.4031147,-0.424342845,-0.445052589,-0.464052808,-0.480232128,-0.492762037,-0.501266579,-0.505913585,-0.507397659,-0.506810259,-0.505419688,-0.504405017,-0.504597861,-0.506283861,-0.509104751,-0.512085409,-0.51379005,-0.512588404,-0.506988088,-0.495968683,-0.479244266,-0.457391049,-0.431805822,-0.404501287,-0.377782773,-0.353875269,-0.334574658,-0.320985163,-0.313383435,-0.311225545,-0.313290217,-0.317930972,-0.323391882,-0.328128752,-0.331073915,-0.331792279,-0.330498846,-0.327938435,-0.325158094,-0.323223182,-0.322935109,-0.324603249,-0.327909972,-0.33189102,-0.33503604,-0.335496568,-0.331370944,-0.321019365,-0.303351902,-0.278033048,-0.245561261,-0.207208727,-0.164837737,-0.120635925,-0.076825714,-0.907686121,-0.90803312,-0.908616485,-0.909090909,-0.909010462,-0.907842994,-0.904993524,-0.899837356,-0.891762839,-0.880222258,-0.864787547,-0.845205651,-0.821446963,-0.793739522,-0.762581777,-0.728727779,-0.693140725,-0.656914327,-0.621166558,-0.58691674,-0.554963178,-0.525782484,-0.499470935,-0.475741771,-0.453981397,-0.433355281,-0.412944638,-0.391890314,-0.369520844,-0.345445967,-0.319602906,-0.292249456,-0.263905179,-0.235250187,-0.206999235,-0.179775169,-0.154007229,-0.129874753,-0.10730607,-0.086029217,-0.065659557,-0.045802566,-0.026148831,-0.006541481,0.012997683,0.032289541,0.05106421,0.069061612,0.086146859,0.102416233,0.118269639,0.134431445,0.151912146,0.171915174,0.19570282,0.224440517,0.259039768,0.300018429,0.347394973,0.400631421,0.458637079,0.519839957,0.582323619,0.64401476,0.702894444,0.757198464,0.805573312,0.847164537,0.881630457,0.909090909,-0.343212963,-0.350319604,-0.361236444,-0.376142055,-0.394844187,-0.416732728,-0.440761689,-0.465465199,-0.489009868,-0.509282542,-0.524009169,-0.53089789,-0.527798354,-0.512869393,-0.484747661,-0.442709028,-0.386811315,-0.318001699,-0.238167257,-0.150106637,-0.05740825,0.035763667,0.124953173,0.205727359,0.273975469,0.326154327,0.359462255,0.371947517,0.362574554,0.331274677,0.278996241,0.207747991,0.120607882,0.021659084,-0.08417806,-0.191424719,-0.29440634,-0.387645254,-0.466219341,-0.526035756,-0.56399783,-0.57807541,-0.567311092,-0.531799503,-0.47266464,-0.392038392,-0.293021995,-0.179600648,-0.056485375,0.071125565,0.197847857,0.318434988,0.428075844,0.522625086,0.598746788,0.653977521,0.686735138,0.696306789,0.682842775,0.647365315,0.59178022,0.518862995,0.43218579,0.335960795,0.234796783,0.133391,0.036198845,-0.052868902,-0.130679139,-0.195016008
-0.564700873,-0.576436472,-0.588271303,-0.600316638,-0.61268921,-0.625512191,-0.638925798,-0.653102378,-0.668255698,-0.684631563,-0.702468938,-0.721927995,-0.742992852,-0.765369517,-0.788409965,-0.811097477,-0.832122578,-0.85006076,-0.863633531,-0.872000319,-0.875003645,-0.873288599,-0.868246528,-0.861783667,-0.855967093,-0.852631541,-0.853032878,-0.857614805,-0.865929406,-0.876728604,-0.888220306,-0.898452333,-0.905748708,-0.909090909,-0.908334384,-0.904191435,-0.897984296,-0.891245137,-0.885281471,-0.880824568,-0.877845492,-0.875576802,-0.872730172,-0.867855712,-0.859751343,-0.847811209,-0.832213923,-0.813898143,-0.794339302,-0.775199811,-0.757952758,-0.743571213,-0.732344498,-0.723846633,-0.717051456,-0.710564836,-0.702924547,-0.69290386,-0.679751898,-0.663318369,-0.644041449,-0.622815085,-0.600781748,-0.5791085,-0.558797196,-0.540560341,-0.524771782,-0.51148322,-0.500486595,-0.491398923,-0.907571272,-0.907295319,-0.906563091,-0.905270244,-0.903340874,-0.900733891,-0.897444805,-0.893504701,-0.888979603,-0.883973838,-0.878639776,-0.873193515,-0.867932133,-0.863244167,-0.859602286,-0.857527394,-0.857517682,-0.859945283,-0.864935541,-0.872255806,-0.881246222,-0.89081946,-0.899539701,-0.905769827,-0.907859318,-0.904340828,-0.894109945,-0.876572945,-0.851752361,-0.820336762,-0.78365433,-0.743550724,-0.702169284,-0.661664285,-0.623910458,-0.590284023,-0.561570687,-0.538011905,-0.519453581,-0.505532294,-0.495831759,-0.489962292,-0.48754786,-0.488138303,-0.491089803,-0.495467372,-0.500015023,-0.503214907,-0.503426461,-0.499073621,-0.488840396,-0.47184118,-0.447743672,-0.416831184,-0.379995185,-0.338652157,-0.294587035,-0.249740733,-0.205976582,-0.164870946,-0.127569229,-0.094729953,-0.066554217,-0.042876295,-0.023281065,-0.007216491,0.005919436,0.016724214,0.025764475,0.033567274,-0.24574996,-0.233306055,-0.223761247,-0.217347145,-0.213960604,-0.213119097,-0.213944422,-0.215179989,-0.215244186,-0.212318552,-0.20446578,-0.189770377,-0.166495099,-0.133247964,-0.089155021,-0.034029411,0.031483524,0.105818907,0.186503932,0.2703006,0.353481618,0.43219805,0.502860172,0.562443591,0.608660074,0.639985864,0.655594493,0.655271548,0.639383217,0.608932189,0.565679273,0.512259666,0.452202519,0.389785502,0.329716494,0.276703478,0.235014143,0.208117828,0.198453826,0.207314309,0.234799615,0.279811141,0.340081233,0.412273612,0.492195913,0.575137523,0.656294109,0.731195217,0.796041841,0.847894132,0.884707402,0.905266515,0.909090909,0.896369513,0.867947625,0.825345843,0.770762747,0.707009838,0.637349879,0.565247113,0.494072235,0.426820815,0.365896403,0.312985781,0.269026907,0.234251357,0.208276322,0.190224194,0.178854558,0.172699343
-0.318088898,-0.331536382,-0.345258535,-0.359216826,-0.373350441,-0.387582408,-0.401828716,-0.416008498,-0.430052928,-0.443910945,-0.457551139,-0.470960959,-0.484146064,-0.497133347,-0.509980413,-0.52279175,-0.5357381,-0.54907176,-0.563128277,-0.578305714,-0.595016989,-0.613618061,-0.634323178,-0.657125478,-0.681744566,-0.707620608,-0.733966224,-0.759873792,-0.784459249,-0.807008901,-0.827089278,-0.844586161,-0.859657835,-0.872613593,-0.883752535,-0.893211378,-0.900869399,-0.906344585,-0.909090909,-0.908577401,-0.904501648,-0.896972666,-0.886599407,-0.874445297,-0.861849549,-0.850157747,-0.840431584,-0.833212653,-0.82839981,-0.825271383,-0.822649542,-0.819169685,-0.813588683,-0.805051108,-0.793241161,-0.778381181,-0.761085112,-0.742118439,-0.722139135,-0.701491796,-0.680105497,-0.657515489,-0.632998053,-0.605781562,-0.575278692,-0.54127921,-0.504053443,-0.464342249,-0.423242009,-0.382021111,-0.161745463,-0.156630007,-0.151299626,-0.145776767,-0.140096426,-0.134302995,-0.128445905,-0.122574592,-0.1167334,-0.110956872,-0.105265668,-0.099662979,-0.094131102,-0.088627865,-0.083082911,-0.077394473,-0.071427935,-0.065017878,-0.05797521,-0.050100189,-0.041200858,-0.031114921,-0.019731836,-0.007011114,0.007007343,0.022204523,0.038397598,0.055369238,0.072907519,0.090849045,0.109114776,0.127727507,0.146803023,0.166513292,0.187027814,0.208445979,0.230737156,0.253705211,0.276990056,0.300110771,0.322543762,0.343818017,0.363601898,0.381756157,0.398337336,0.413551204,0.427671642,0.440950551,0.453546451,0.465493598,0.476721819,0.487122239,0.496639097,0.505357346,0.513554471,0.521694797,0.530362349,0.540147272,0.551513791,0.564681675,0.579548997,0.595674883,0.612328943,0.628600378,0.64354578,0.656343712,0.666420904,0.673522175,0.677712473,0.679318635,0.114908733,0.117999998,0.122371805,0.127961645,0.134567286,0.141846694,0.149332625,0.156462627,0.162623717,0.167209193,0.169683426,0.169649113,0.166910589,0.1615264,0.153844482,0.144514055,0.134469966,0.124887904,0.11711246,0.112563683,0.112630416,0.118559187,0.131345751,0.151633677,0.17962287,0.214992509,0.256847674,0.303704491,0.353530676,0.403853043,0.451930334,0.494973073,0.530379617,0.555955764,0.570094903,0.571910967,0.561327987,0.53913106,0.506974328,0.467329583,0.423355427,0.378678506,0.337103126,0.302291248,0.277466288,0.26518342,0.267181551,0.28430368,0.316458831,0.362606855,0.420770314,0.488099834,0.561024529,0.635500577,0.707336476,0.772541805,0.827635993,0.869870673,0.897353241,0.909090909,0.904988036,0.88582108,0.853193706,0.809454277,0.757552015,0.700820922,0.642705973,0.586470507,0.534934347,0.490284085
-0.173816844,-0.187455453,-0.201564092,-0.216105361,-0.231006741,-0.246165267,-0.261458043,-0.276757261,-0.291946989,-0.306938237,-0.321679191,-0.336159093,-0.350406754,-0.364487179,-0.378501291,-0.392593271,-0.406967153,-0.421909499,-0.437809597,-0.455164669,-0.474557165,-0.496595602,-0.521819181,-0.550577749,-0.582909325,-0.618444368,-0.65636648,-0.695452034,-0.73419586,-0.771008619,-0.80444853,-0.833433383,-0.857376519,-0.876207021,-0.890266399,-0.900111133,-0.906279296,-0.909090909,-0.908543262,-0.904337536,-0.896037746,-0.883324273,-0.866271229,-0.84556061,-0.82255621,-0.799197534,-0.777726924,-0.760312175,-0.748654527,-0.743672101,-0.74532737,-0.75263453,-0.76384639,-0.776783684,-0.789236229,-0.799343206,-0.805860511,-0.808252531,-0.806597263,-0.801348637,-0.793037737,-0.782003761,-0.768227916,-0.75130925,-0.73058204,-0.705338205,-0.675091629,-0.639810161,-0.600049907,-0.556954582,-0.355931515,-0.35195721,-0.347769496,-0.343417436,-0.33897448,-0.334533145,-0.33019662,-0.326068149,-0.322239518,-0.31878002,-0.315727081,-0.313079141,-0.310790725,-0.308769078,-0.30687167,-0.30490431,-0.302620615,-0.299724633,-0.295879154,-0.290722019,-0.283891439,-0.275059054,-0.26396702,-0.250463397,-0.23452923,-0.216291134,-0.196014677,-0.174076367,-0.1509154,-0.126970642,-0.102612979,-0.078086841,-0.053475593,-0.028702105,-0.003568388,0.022171342,0.048718589,0.076139497,0.104296195,0.132818997,0.161130755,0.188523449,0.214273358,0.237768299,0.258613817,0.276689092,0.292137792,0.30529907,0.316601663,0.32645348,0.335158291,0.342881918,0.349676091,0.355551977,0.360580664,0.364988413,0.3692142,0.373907244,0.379859878,0.387889636,0.39869728,0.412731541,0.430087883,0.450460881,0.473160311,0.497190444,0.521380353,0.54454167,0.565622838,0.583829146,-0.079407928,-0.078189404,-0.075441122,-0.071051008,-0.065072118,-0.05774161,-0.0494833,-0.040890848,-0.0326902,-0.025682041,-0.020667434,-0.018362108,-0.019306743,-0.023781717,-0.031735179,-0.042732969,-0.0559379,-0.070123921,-0.083727542,-0.094934628,-0.101796017,-0.10236188,-0.094823803,-0.077655739,-0.049749097,-0.010540329,0.039871522,0.100626176,0.170040831,0.245612246,0.324106975,0.40175102,0.47450685,0.538401875,0.589859364,0.625987113,0.644798008,0.645358974,0.627878028,0.593736793,0.545461573,0.486612175,0.421567494,0.355206805,0.292518918,0.238200397,0.19631096,0.170032657,0.161539785,0.171949732,0.201309948,0.248589322,0.311674784,0.387406943,0.471702463,0.559795443,0.646590924,0.727080567,0.796746549,0.851886872,0.889827622,0.90902586,0.909090909,0.89075295,0.855791102,0.806912894,0.74756783,0.681686772,0.613362105,0.5465085
-0.496461555,-0.508627104,-0.520794033,-0.532867559,-0.544767604,-0.556439424,-0.567860106,-0.579040217,-0.59002169,-0.600874689,-0.611696925,-0.622618091,-0.633809634,-0.645496479,-0.657963757,-0.671549519,-0.686615276,-0.703490553,-0.722394922,-0.743349604,-0.766098246,-0.79006057,-0.814341074,-0.83780654,-0.859230799,-0.87748542,-0.891736308,-0.901596082,-0.907187082,-0.909090909,-0.908191353,-0.905447446,-0.90165204,-0.897234432,-0.892155052,-0.885920789,-0.877724737,-0.866686088,-0.852137826,-0.833889586,-0.812390606,-0.788739649,-0.764530781,-0.741570878,-0.721538829,-0.70566711,-0.694515,-0.68787837,-0.684852557,-0.684036258,-0.683836174,-0.682807001,-0.679946995,-0.674875409,-0.667847841,-0.659610972,-0.651142032,-0.643344699,-0.636775736,-0.631460685,-0.626832623,-0.621803229,-0.614952443,-0.604801139,-0.590111873,-0.570151859,-0.544857197,-0.514860886,-0.481383212,-0.44601887,-0.522378306,-0.521399693,-0.520508028,-0.519803443,-0.519380396,-0.519318465,-0.519674074,-0.52047356,-0.521707607,-0.523326807,-0.525238186,-0.5273031,-0.529337596,-0.531117054,-0.532387053,-0.532881764,-0.532349652,-0.530584276,-0.527455943,-0.522938586,-0.517125777,-0.510230311,-0.502563524,-0.494493324,-0.486384102,-0.478526739,-0.471071629,-0.463980067,-0.457007553,-0.449726339,-0.441585479,-0.431998024,-0.420439572,-0.406541125,-0.390161083,-0.371424473,-0.350721506,-0.328662783,-0.305996074,-0.283499039,-0.261870533,-0.241645948,-0.223156455,-0.206539177,-0.191789917,-0.178837925,-0.167617076,-0.158110289,-0.150352452,-0.144389222,-0.140202369,-0.137623832,-0.13626646,-0.135496543,-0.134461687,-0.132171619,-0.127615455,-0.119892074,-0.108331107,-0.092587667,-0.072699876,-0.049102236,-0.022590635,0.005760938,0.03472427,0.06306378,0.089680572,0.113726339,0.134666908,0.152288863,-0.020498004,-0.009744183,0.001607168,0.013086363,0.024127957,0.03411786,0.042452972,0.04860879,0.052209104,0.053091104,0.05135907,0.047420215,0.041997249,0.036113988,0.031052801,0.028285768,0.029384236,0.035913239,0.049317089,0.070800791,0.101210092,0.140913293,0.189691979,0.246655242,0.310199427,0.378037643,0.447315408,0.514810421,0.577191247,0.63129197,0.674356939,0.704224035,0.71943967,0.719321465,0.703994049,0.674415317,0.632389641,0.580542765,0.522223941,0.461312483,0.401935857,0.348140665,0.303578042,0.271259089,0.253406872,0.251394693,0.26573494,0.296080358,0.341219471,0.39907822,0.46676386,0.540690642,0.616805283,0.690892756,0.758908548,0.817270905,0.863062736,0.894128801,0.909090909,0.907324543,0.888937344,0.854767435,0.80638971,0.746095371,0.676805042,0.601892114,0.524923897,0.449359814,0.378263407,0.314081006
0.545136754,0.54581798,0.545539844,0.544113406,0.541379558,0.537232263,0.531642248,0.524679397,0.516531952,0.507520535,0.498105043,0.488882496,0.48057411,0.47400026,0.470042645,0.469594016,0.473497182,0.482476654,0.497067903,0.517550627,0.543893142,0.575714854,0.612272479,0.652473376,0.694916386,0.737957415,0.779794311,0.818563733,0.852442046,0.879742598,0.899002936,0.909057213,0.909090909,0.898676778,0.877792307,0.846819779,0.806530073,0.758050629,0.70281707,0.642507259,0.578957056,0.514059187,0.44965057,0.387398247,0.328698209,0.274603031,0.225791964,0.1825909,0.145040675,0.113002838,0.086284548,0.064760405,0.048469009,0.037665532,0.032817771,0.034541414,0.04348033,0.060148703,0.084762056,0.117090673,0.156368477,0.201281397,0.250042882,0.300545019,0.35055746,0.39793811,0.44082094,0.477755494,0.507785679,0.530467879,0.253252044,0.253143973,0.253232435,0.254109401,0.256450524,0.260982634,0.26844453,0.279543708,0.294911768,0.315060876,0.340343107,0.370913995,0.406701323,0.447380319,0.492356824,0.54076063,0.591451672,0.643041869,0.6939349,0.742384933,0.786573371,0.824700315,0.855085032,0.876267863,0.887104974,0.886847586,0.875198572,0.852341511,0.818939831,0.776106364,0.72534598,0.668475976,0.607530312,0.544654673,0.481999513,0.421617716,0.36537248,0.314859609,0.271347041,0.23573349,0.208527494,0.189847908,0.179446474,0.176751996,0.180933757,0.190979205,0.205778356,0.224205711,0.245190479,0.2677678,0.291107098,0.314517812,0.337436536,0.3594024,0.380028781,0.398979166,0.415953316,0.430686923,0.442964382,0.452640605,0.459665051,0.464100194,0.466127873,0.466040161,0.46421542,0.461083801,0.457088504,0.45264928,0.448133184,0.443835359,-0.188175605,-0.20525807,-0.221272554,-0.236200347,-0.250102026,-0.263129307,-0.275528323,-0.287633557,-0.299852963,-0.312645912,-0.326496283,-0.341883248,-0.359252097,-0.378986918,-0.401386392,-0.426643478,-0.454829423,-0.485882457,-0.519601486,-0.555645079,-0.593535941,-0.632670787,-0.672335213,-0.711722841,-0.749957805,-0.786119603,-0.819269469,-0.848477493,-0.872849771,-0.891554714,-0.903847423,-0.909090909,-0.90677314,-0.896519542,-0.878101768,-0.851444809,-0.816635579,-0.773936247,-0.723804401,-0.666919641,-0.604212656,-0.53688939,-0.466440698,-0.394628176,-0.323440094,-0.255017026,-0.191553301,-0.135185523,-0.087881389,-0.051340077,-0.026910513,-0.015527922,-0.017664733,-0.033291083,-0.061843366,-0.10220544,-0.152713667,-0.211200584,-0.275089938,-0.341547002,-0.407674351,-0.470729038,-0.528327954,-0.578608004,-0.620317333,-0.652829672,-0.676090502,-0.690515744,-0.696868254,-0.696134826
-0.207040998,-0.221531716,-0.237174885,-0.254043472,-0.27212667,-0.291307097,-0.311344445,-0.331867586,-0.352375855,-0.37224901,-0.390764618,-0.407121642,-0.420469851,-0.429946022,-0.43471906,-0.434046385,-0.427342425,-0.414256732,-0.394754485,-0.369187455,-0.338340498,-0.303439257,-0.266109549,-0.228287306,-0.192087585,-0.159649234,-0.132975894,-0.113793198,-0.103437186,-0.102782008,-0.11220818,-0.131607487,-0.160417753,-0.19767995,-0.24211073,-0.29218488,-0.346223622,-0.402485684,-0.459258365,-0.514945365,-0.568147141,-0.617728554,-0.662868097,-0.703083555,-0.738230694,-0.768474174,-0.794232793,-0.816103718,-0.834772087,-0.85091318,-0.865094568,-0.877685607,-0.888781942,-0.898153253,-0.905223242,-0.909090909,-0.908600355,-0.902461588,-0.889416482,-0.868433037,-0.838900049,-0.800787183,-0.754736242,-0.702059868,-0.64464224,-0.584757311,-0.524837149,-0.467230959,-0.413992815,-0.36672539,-0.696648146,-0.700077945,-0.700475613,-0.69704157,-0.689031407,-0.675800217,-0.656842097,-0.631823949,-0.600613769,-0.56330441,-0.520234003,-0.472003791,-0.419492993,-0.363868514,-0.306585164,-0.249370048,-0.194183772,-0.14315193,-0.098463777,-0.062240833,-0.036385566,-0.022427135,-0.021385097,-0.033671158,-0.059043237,-0.096616848,-0.144928941,-0.202041824,-0.265671281,-0.333323651,-0.402430033,-0.470470112,-0.535081737,-0.594154613,-0.64590728,-0.688946489,-0.722307656,-0.745474816,-0.758378595,-0.761371389,-0.755180123,-0.740838748,-0.71960473,-0.692865841,-0.662045083,-0.62851207,-0.593508475,-0.558093252,-0.523110733,-0.48918188,-0.456716439,-0.425941931,-0.396944281,-0.369714509,-0.344195981,-0.320327143,-0.298075277,-0.277457745,-0.258548468,-0.241469197,-0.226367394,-0.213384892,-0.20262336,-0.194113301,-0.187792486,-0.183497512,-0.180969293,-0.179870507,-0.179811242,-0.180378476,0.360721087,0.366683403,0.374355627,0.383714522,0.39456543,0.406533667,0.419064221,0.431429832,0.442748147,0.452009285,0.458115329,0.459932981,0.456359594,0.446401309,0.429259959,0.404422938,0.371747582,0.331529192,0.284540655,0.232032658,0.175687634,0.117527623,0.059784832,0.004751346,-0.045371379,-0.088603418,-0.123283448,-0.14812603,-0.16224138,-0.165125724,-0.156632664,-0.136935177,-0.106485266,-0.065975293,-0.016302662,0.041461809,0.106102085,0.176282194,0.250569324,0.327455785,0.405381079,0.482755166,0.557983419,0.629492855,0.695758283,0.75532649,0.806836663,0.849036084,0.880791502,0.901098268,0.909090909,0.90405997,0.885480282,0.853054855,0.80677588,0.746999716,0.674526498,0.590668324,0.497285127,0.396766816,0.291946374,0.185941411,0.081938596,-0.017048651,-0.10840984,-0.190116533,-0.260824979,-0.319894358,-0.367330767,-0.403679517
-0.627746525,-0.631238123,-0.635729915,-0.641458666,-0.648590956,-0.657186205,-0.667164903,-0.678286506,-0.690140042,-0.702148404,-0.713585043,-0.723600091,-0.731252186,-0.735543044,-0.735453764,-0.729984404,-0.718200511,-0.699290799,-0.672638292,-0.63790302,-0.595108573,-0.544719398,-0.487692691,-0.425489643,-0.360036203,-0.293632014,-0.228815579,-0.168201162,-0.114306678,-0.069391268,-0.035317432,-0.013447171,-0.004576212,-0.008906145,-0.026051527,-0.055077609,-0.094563896,-0.142689069,-0.197333359,-0.256195004,-0.316917257,-0.377221193,-0.435037156,-0.488624561,-0.53666714,-0.578329991,-0.613267125,-0.641573808,-0.663686069,-0.680238276,-0.691896921,-0.699193041,-0.702376804,-0.70131602,-0.695456459,-0.683856127,-0.665297696,-0.638472574,-0.602216754,-0.555764759,-0.498977583,-0.432498495,-0.357800108,-0.277106683,-0.193202065,-0.109157847,-0.028030935,0.047419,0.114952269,0.172989584,-0.899331208,-0.901139055,-0.900066658,-0.895147691,-0.885427347,-0.870021792,-0.848176541,-0.81931949,-0.78310503,-0.73944671,-0.688537276,-0.63085644,-0.56716824,-0.498510873,-0.426182084,-0.351722169,-0.276894449,-0.203660175,-0.134142284,-0.070571253,-0.015207643,0.02976017,0.062338718,0.08086213,0.084119893,0.071463668,0.042879693,-0.000981319,-0.058818502,-0.128735647,-0.20832935,-0.294802179,-0.385092876,-0.476016438,-0.564407562,-0.647261112,-0.721863219,-0.785906761,-0.837585443,-0.875661548,-0.899503553,-0.909090909,-0.904984782,-0.888265419,-0.860439503,-0.82332412,-0.778917265,-0.729267205,-0.676353497,-0.621990632,-0.567761277,-0.514980894,-0.464690428,-0.417669915,-0.374464089,-0.335411543,-0.300671237,-0.270243539,-0.243986444,-0.221630232,-0.202794796,-0.187013004,-0.173760991,-0.162493226,-0.152677812,-0.143826599,-0.135515789,-0.127395092,-0.119186381,-0.110674987,0.13533791,0.13973288,0.146227626,0.15507343,0.166352068,0.179948342,0.195533734,0.212561586,0.230273809,0.247719136,0.263783281,0.277231563,0.286764407,0.291085407,0.288980334,0.279403773,0.261568139,0.235027896,0.199750317,0.156163474,0.105173001,0.048141973,-0.013167093,-0.076683248,-0.140140745,-0.201201359,-0.257571088,-0.307099882,-0.347858301,-0.378190677,-0.396748735,-0.402511639,-0.394798032,-0.373273707,-0.337956299,-0.289216762,-0.227776908,-0.154702537,-0.071392189,0.02043856,0.118778222,0.221348358,0.325643945,0.428988705,0.528607083,0.621711116,0.705596412,0.777738388,0.835879356,0.878099501,0.902869815,0.909090909,0.896126116,0.863838429,0.812637432,0.743534722,0.658196157,0.558969786,0.448863451,0.331449233,0.210684523,0.090659288,-0.024699631,-0.131921237,-0.228231193,-0.311702808,-0.381301267,-0.43682796,-0.478790532,-0.508233274
-0.126568944,-0.140489205,-0.154695659,-0.169345663,-0.184644243,-0.20083956,-0.218211394,-0.237050295,-0.257625986,-0.280145245,-0.304701805,-0.331223165,-0.359421215,-0.388754605,-0.418410512,-0.4473117,-0.474151671,-0.497456718,-0.515669716,-0.527247454,-0.530762099,-0.524998366,-0.509040549,-0.482346807,-0.444810363,-0.396807642,-0.339231671,-0.273506096,-0.201572588,-0.125843872,-0.049117048,0.025552867,0.095012418,0.156189169,0.20627405,0.242888913,0.264224341,0.269137767,0.257207758,0.228745275,0.18476588,0.126927891,0.057440868,-0.021052389,-0.105617838,-0.193192726,-0.280762359,-0.365540532,-0.445138735,-0.517706593,-0.582026434,-0.637549104,-0.684365221,-0.723114591,-0.754844131,-0.780829837,-0.802380452,-0.820639953,-0.836404259,-0.849966146,-0.861002437,-0.868519025,-0.870871001,-0.865874306,-0.851018827,-0.823778189,-0.781989284,-0.724249382,-0.650259491,-0.561039128,-0.82656612,-0.832506824,-0.840937422,-0.851608827,-0.863951828,-0.877064709,-0.889727045,-0.900441585,-0.907503204,-0.909090909,-0.903376414,-0.888641407,-0.863395392,-0.826486676,-0.7772001,-0.71533615,-0.641266909,-0.555965174,-0.461004346,-0.358528543,-0.251194574,-0.142089199,-0.034625852,0.067575723,0.160825119,0.241511919,0.30627104,0.352159975,0.376840317,0.378750035,0.357248221,0.312712389,0.246571261,0.161263093,0.060119413,-0.052815875,-0.173014029,-0.295713345,-0.416172834,-0.529908465,-0.632898124,-0.721747252,-0.793812048,-0.847280086,-0.881209216,-0.895525229,-0.890978049,-0.869056445,-0.831863233,-0.781956762,-0.722169266,-0.655417055,-0.584519964,-0.512046984,-0.440201499,-0.370753822,-0.305022114,-0.243896611,-0.187897411,-0.137253312,-0.091988397,-0.052003854,-0.017144724,0.012755517,0.037855577,0.058310622,0.074294304,0.086029294,0.093815871,0.098049576,0.354505134,0.338949791,0.322720843,0.306202207,0.289855555,0.27417727,0.259646276,0.24666933,0.235531158,0.226356004,0.219084775,0.213468659,0.209076699,0.205312537,0.201434933,0.196578047,0.189770198,0.17995319,0.166007004,0.146785976,0.121171839,0.08814643,0.046882756,-0.003151504,-0.062088399,-0.129565602,-0.204658869,-0.285855149,-0.371076794,-0.457761142,-0.542991802,-0.623669781,-0.696705869,-0.759212088,-0.808670357,-0.843060813,-0.860939291,-0.861461869,-0.844362282,-0.809894162,-0.75875344,-0.691996642,-0.610968363,-0.517246465,-0.412607701,-0.299010529,-0.178587336,-0.053636103,0.073397704,0.199954783,0.323411814,0.441142821,0.550583753,0.64929088,0.734985567,0.805582334,0.859202808,0.894183658,0.909090909,0.90275482,0.874338185,0.823445563,0.750271178,0.655769596,0.541817785,0.411324348,0.268237375,0.117412201,-0.035673895,-0.185335958
-0.302712428,-0.312769238,-0.323691471,-0.335648296,-0.348755459,-0.363050258,-0.378468999,-0.394828373,-0.411811397,-0.428958111,-0.445661078,-0.461166412,-0.474582196,-0.484897636,-0.491017461,-0.491816179,-0.486215247,-0.473282569,-0.452348286,-0.423124471,-0.38581098,-0.341167199,-0.290531671,-0.235778859,-0.179213285,-0.123413124,-0.071044511,-0.024671929,0.013411785,0.041318729,0.057654108,0.06155921,0.052715268,0.031317567,-0.001970361,-0.046074126,-0.099571907,-0.160761428,-0.227730648,-0.29843386,-0.370774855,-0.442697205,-0.512278903,-0.577825482,-0.637953295,-0.69165382,-0.738331011,-0.7778066,-0.810292104,-0.836330045,-0.856709785,-0.872364958,-0.884259955,-0.893272812,-0.900081778,-0.905063501,-0.908212163,-0.909090909,-0.906828431,-0.900173225,-0.887613896,-0.867564713,-0.838601682,-0.799718279,-0.750556972,-0.69156866,-0.624061235,-0.550120093,-0.472411543,-0.393905625,-0.418760369,-0.419077784,-0.417489707,-0.413159537,-0.405255703,-0.393002553,-0.375728275,-0.352907237,-0.324195643,-0.289460986,-0.248806785,-0.202594417,-0.151463208,-0.096348312,-0.038493561,0.02054618,0.078920758,0.134526923,0.185083785,0.228244051,0.261736941,0.283530955,0.291998057,0.286057615,0.265280004,0.229936124,0.180988327,0.120027749,0.049170102,-0.029074711,-0.111944189,-0.196563926,-0.280079111,-0.359771941,-0.433162711,-0.498093901,-0.552797525,-0.595946211,-0.626688215,-0.644665783,-0.650015334,-0.643347247,-0.62570319,-0.598490368,-0.563394601,-0.522277418,-0.47706535,-0.429641467,-0.381749321,-0.334917748,-0.290411841,-0.249211643,-0.212016374,-0.179269105,-0.151194835,-0.127844274,-0.109136027,-0.094891313,-0.084857663,-0.078720894,-0.076107769,-0.076584368,-0.079656694,-0.08477957,-0.091377364,-0.098875825,-0.106739926,-0.114509474,-0.121823974,-0.128430843,0.334081062,0.337302403,0.342182067,0.348625942,0.356340523,0.364826806,0.373387858,0.381148945,0.387088739,0.390080221,0.388940408,0.382488501,0.369612298,0.349342394,0.320932674,0.283943627,0.238322335,0.18446991,0.123284729,0.056169224,-0.015009485,-0.088008864,-0.160345143,-0.229458104,-0.292885245,-0.34842175,-0.3942461,-0.428998864,-0.451811797,-0.462292785,-0.460477444,-0.446759764,-0.421813022,-0.386509682,-0.341846567,-0.288879934,-0.228674043,-0.162266032,-0.090648734,-0.014771261,0.064445096,0.146080346,0.229184988,0.312751608,0.39569467,0.476842153,0.554939982,0.628667638,0.696661509,0.757541878,0.809939991,0.85252313,0.88401779,0.903233363,0.909090909,0.900663003,0.877230724,0.838361828,0.784009441,0.71462315,0.63125529,0.53563702,0.430195027,0.317984014,0.202524099,0.087553672,-0.023268882,-0.126665204,-0.219986622,-0.301373589
